id;nome;rg;cpf;cep;logradouro;localidade;bairro;uf;complemento;numero;ddd;telefone;email;nome_contato;ddd_contato;telefone_contato;data_nascimento;cargo;data_admissao;data_saida;tamanho_camisa;pis;cartao_cidadado;numero_titulo_eleitor;zona_titulo_eleitor;secao_titulo_eleitor;numero_carteira_trabalho;serie_carteira_trabalho;uf_carteira_trabalho;nire;cnpj
1;mobile Fish;Home Loan Account Table Computer;Trace;Savings ;Tasty Metal Bacon;red Chips Soap;Home Loan Account;AC;Namibia;Steel zero administration;Mu;grey Camb;Jamil_Beahan68@yahoo.com;Centers;Fa;South Dak;2019-05-24T15:50:53;Monitored Bahamian Dollar Investment Account;2019-05-24T01:23:35;2019-05-24T20:33:51;PP;Tuna;hardware Costa Rica Mayotte;Industrial;conne;capaci;sky blue Tasty Plast;compre;AC;bifurcated ;Small
2;deliverables reinvent 24 hour;overriding;monitor 108;world-cl;Highway Ergonomic;moratorium moratorium;New York tangible Mississippi;AC;hard drive Robust Networked;Poland;Sm;Outdoors;Jarrell_Haley@yahoo.com;Corporate Phased relationships;wh;Salad Web;2019-05-24T06:11:16;RSS;2019-05-24T02:06:05;2019-05-24T16:08:49;PP;Ghana back-end National;Direct;Profit-focused;Jewel;Games;Iraq Bedfordshire;Concre;AC;Kenyan Shil;Versatile Excl
3;capability zero tolerance Computers;Analyst paradigms;encompassin;deposit ;Designer Persistent;Handmade 24/7 Re-contextualized;web-enabled invoice withdrawal;AC;installation;Argentine Peso;Ke;open-sour;Chance.Weimann38@gmail.com;Creative Metal;ba;SMS Enhan;2019-05-24T05:33:00;parsing;2019-05-24T08:03:53;2019-05-24T08:59:25;PP;Customer Human deposit;even-keeled Saint Helena Pound;Internal AI optical;bypas;Dynami;Branding;Home G;AC;Networked;Fish
4;payment calculating;local area network Benin;turn-key de;Wisconsi;target Human withdrawal;dot-com payment Libyan Dinar;white sensor local;AC;Chips;Villages uniform PCI;Au;Wisconsin;Gerda.Dicki31@gmail.com;Pants Maryland;ca;Director ;2019-05-24T00:19:58;program;2019-05-24T04:39:40;2019-05-24T18:06:38;PP;open-source HDD;Sleek Beauty Auto Loan Account;deposit;exten;Practi;implementation;Wallis;AC;Computers S;interface
5;compress lavender Investment Account;backing up;Iran;Philippi;Strategist;card Licensed Cotton Ball;mindshare Gorgeous;AC;navigating;Som Rustic Frozen Keyboard ROI;Be;Tuna Resp;Myrl.OKon@yahoo.com;system Gorgeous Rubber Pants;ha;leading-e;2019-05-24T19:11:11;Small;2019-05-24T13:54:56;2019-05-24T00:51:31;PP;online e-business;systems integrate;Web HTTP;imple;Optimi;payment Soap;Web;AC;Jamaican Do;Station
6;parsing Investment Account;Branding Dynamic black;yellow;Books Ge;robust withdrawal generate;Garden open-source hybrid;Solomon Islands Dollar;AC;schemas Specialist China;quantify multi-byte;in;user-cent;Davon_Keebler73@hotmail.com;Configurable iterate Liechtenstein;na;Fantastic;2019-05-24T12:52:18;Usability;2019-05-24T05:08:50;2019-05-23T22:34:30;PP;Gorgeous Money Market Account;Danish Krone parse;neural Wooden Optimization;Tasty;bandwi;program Auto Loan Ac;infome;AC;Steel Avon ;exploit transi
7;User-centric Principal Pennsylvania;repurpose Sleek;mesh system;Cotton;Advanced grow;Handmade Wooden Cheese Fresh;input Naira;AC;Glen Refined;Mandatory Assistant;St;Incredibl;Tess55@hotmail.com;Associate Central African Republic Savings Account;he;Legacy Un;2019-05-23T22:34:47;Regional;2019-05-24T10:27:14;2019-05-24T18:49:38;PP;Junctions one-to-one;analyzing holistic;Architect;Beaut;Pound ;Licensed Usability m;Person;AC;drive onlin;Liaison engage
8;Assistant generating;Practical Steel Shirt Plastic Movies;SMS;Zimbabwe;input Accounts;enhance Multi-channelled purple;Response;AC;Checking Account global Steel;Borders Springs connecting;SA;Planner R;Gudrun48@hotmail.com;deliverables;Cr;Checking ;2019-05-23T21:51:31;Home Loan Account withdrawal;2019-05-24T08:04:26;2019-05-24T10:53:24;PP;Luxembourg Spurs;empower Home Loan Account SMS;back-end Via indexing;Busin;fricti;Future-proofed Aweso;Creek;AC;Mouse Rupia;Human Mission
9;Officer Savings Account Automated;Pants even-keeled Chair;Brazil;Island c;Granite open architecture;Ergonomic Soft Shoes;Bulgarian Lev Cambridgeshire;AC;Home;primary quantify Chips;Gu;Bedfordsh;Mina3@yahoo.com;Customer-focused;Bo;Refined;2019-05-24T10:39:06;Hungary Configurable;2019-05-24T14:55:40;2019-05-24T03:41:31;PP;blue internet solution Concret;distributed Ranch impactful;Berkshire Awesome;pixel;archit;viral;paymen;AC;Pants;Avon
10;blue scalable Car;bypassing Sleek Steel Shirt Rand Namibia Dollar;Fresh incub;Jewelery;Tanzanian Shilling Assurance Nebraska;Gardens synthesizing;silver;AC;Buckinghamshire;Bouvet Island (Bouvetoya);Au;Applicati;Juwan36@gmail.com;Crest Bahamas;Ma;Gorgeous ;2019-05-24T18:35:19;Mall Investment Account;2019-05-24T02:19:36;2019-05-24T13:01:00;PP;parse infrastructures Mobility;Implementation Shirt Unbranded;Refined Soft Keyboard synthesi;indig;Progra;HDD;Tanzan;AC;convergence;synthesize Bah
